Last Name,First Name,Email Address
John,Smith1,johnsmith1@hotmail.com
John,Smith2,johnsmith2@hotmail.com
John,Smith3,johnsmith3@hotmail.com
John,Smith4,johnsmith4@hotmail.com
John,Smith5,johnsmith5@hotmail.com
John,Smith6,johnsmith6@hotmail.com
John,Smith7,johnsmith7@hotmail.com
John,Smith8,johnsmith8@hotmail.com
John,Smith9,johnsmith9@hotmail.com
John,Smith10,johnsmith10@hotmail.com
John,Smith11,johnsmith11@hotmail.com
John,Smith12,johnsmith12@hotmail.com
John,Smith13,johnsmith13@hotmail.com
John,Smith14,johnsmith14@hotmail.com
John,Smith15,johnsmith15@hotmail.com
John,Smith16,johnsmith16@hotmail.com
John,Smith17,johnsmith17@hotmail.com
John,Smith18,johnsmith18@hotmail.com
John,Smith19,johnsmith19@hotmail.com
John,Smith20,johnsmith20@hotmail.com
John,Smith21,johnsmith21@hotmail.com
John,Smith22,johnsmith22@hotmail.com
John,Smith23,johnsmith23@hotmail.com
John,Smith24,johnsmith24@hotmail.com
John,Smith25,johnsmith25@hotmail.com
John,Smith26,johnsmith26@hotmail.com
John,Smith27,johnsmith27@hotmail.com
John,Smith28,johnsmith28@hotmail.com
John,Smith29,johnsmith29@hotmail.com
John,Smith30,johnsmith30@hotmail.com
John,Smith31,johnsmith31@hotmail.com
John,Smith32,johnsmith32@hotmail.com
John,Smith33,johnsmith33@hotmail.com
John,Smith34,johnsmith34@hotmail.com
John,Smith35,johnsmith35@hotmail.com
John,Smith36,johnsmith36@hotmail.com
John,Smith37,johnsmith37@hotmail.com
John,Smith38,johnsmith38@hotmail.com
John,Smith39,johnsmith39@hotmail.com
John,Smith40,johnsmith40@hotmail.com
John,Smith41,johnsmith41@hotmail.com
John,Smith42,johnsmith42@hotmail.com
John,Smith43,johnsmith43@hotmail.com
John,Smith44,johnsmith44@hotmail.com
John,Smith45,johnsmith45@hotmail.com
John,Smith46,johnsmith46@hotmail.com
John,Smith47,johnsmith47@hotmail.com
John,Smith48,johnsmith48@hotmail.com
John,Smith49,johnsmith49@hotmail.com
John,Smith50,johnsmith50@hotmail.com